{"cameraMode":{"drawMode":0,"name":"Shaded","section":"Shading Mode"},"sceneLighting":false,"audioPlay":false,"sceneViewState":{"m_AlwaysRefresh":false,"showFog":true,"showSkybox":false,"showFlares":true,"showImageEffects":true,"showParticleSystems":true,"showVisualEffectGraphs":true,"m_FxEnabled":true},"in2DMode":false,"pivot":{"x":0.9900000095367432,"y":0.8999999761581421,"z":0.20000000298023225},"rotation":{"x":0.29117894172668459,"y":-0.01578417979180813,"z":0.004804828204214573,"w":0.9565266370773315},"size":2.0647654253025395e-7,"orthographic":false}